,Day,orders,total_sales,fb_costs,fb_impressions,fb_clicks,google_costs,google_impressions,google_clicks,tt_costs,tt_impressions,tt_clicks
0,2021-07-01,10,414.85,257.01,36200,129,1.17,39,20,0.0,0,0
1,2021-07-02,6,229.95000000000002,250.3,33040,150,0.84,14,7,0.0,0,0
2,2021-07-03,10,459.89000000000004,248.59,33031,129,0.72,12,6,0.0,0,0
3,2021-07-04,17,508.36,258.05,37463,119,0.07,13,5,0.0,0,0
4,2021-07-05,13,399.88,257.47,35963,142,0.38,34,16,0.0,0,0
5,2021-07-06,13,492.87,256.4,36488,139,3.48,68,25,0.0,0,0
6,2021-07-07,8,344.92,255.83,34455,126,0.9,29,14,0.0,0,0
7,2021-07-08,15,685.3299999999999,256.67,34513,128,1.18,37,16,0.0,0,0
8,2021-07-09,15,699.27,253.04,32629,117,0.34,18,9,0.0,0,0
9,2021-07-10,8,349.92,247.54,31291,102,0.49,47,11,0.0,0,0
10,2021-07-11,22,909.73,509.82,96358,386,0.1,39,10,0.0,0,0
11,2021-07-12,30,1189.67,494.71,98443,294,1.69,57,13,0.0,0,0
12,2021-07-13,41,1863.99,828.53,163750,809,2.75,43,17,0.0,0,0
13,2021-07-14,36,1610.63,893.73,182895,894,2.17,71,22,0.0,0,0
14,2021-07-15,23,869.75,676.59,143278,564,1.4,45,14,0.0,0,0
15,2021-07-16,27,1099.64,621.64,131105,486,3.05,48,20,0.0,0,0
16,2021-07-17,23,924.75,665.96,143364,589,1.51,34,13,0.0,0,0
17,2021-07-18,30,1141.2,803.67,178051,815,2.4,44,21,0.0,0,0
18,2021-07-19,37,1503.6000000000001,733.23,145856,691,1.67,44,17,0.0,0,0
19,2021-07-20,29,1199.69,838.2,170198,621,1.83,45,22,0.0,0,0
20,2021-07-21,26,1084.71,795.77,145558,531,7.44,82,34,0.0,0,0
21,2021-07-22,25,959.26,630.1,106786,463,4.82,59,33,0.0,0,0
22,2021-07-23,13,574.85,498.14,81625,431,1.13,28,10,0.0,0,0
23,2021-07-24,28,1251.7,619.77,112036,593,0.59,43,10,0.0,0,0
24,2021-07-25,22,999.26,494.39,96806,442,3.82,48,20,0.0,0,0
25,2021-07-26,21,876.78,457.7,82796,353,2.33,39,22,0.0,0,0
26,2021-07-27,14,604.6,574.55,105033,426,0.67,35,14,0.0,0,0
27,2021-07-28,33,1359.64,1263.59,215858,790,3.12,56,22,0.0,0,0
28,2021-07-29,44,1699.5,1159.62,179063,620,3.25,86,32,0.0,0,0
29,2021-07-30,31,1264.16,1074.67,162167,559,1.35,53,19,0.0,0,0
30,2021-07-31,26,1048.72,1064.59,142961,521,0.49,19,8,0.0,0,0
31,2021-08-01,37,1714.54,1245.73,233732,757,0.59,46,17,0.0,0,0
32,2021-08-02,31,963.69,837.28,145517,536,0.68,42,15,0.0,0,0
33,2021-08-03,24,1094.71,655.78,98271,433,1.7,34,17,0.0,0,0
34,2021-08-04,33,1434.6200000000001,1448.72,271241,895,5.61,117,33,0.0,0,0
35,2021-08-05,33,1479.64,1394.09,248623,963,2.61,62,24,0.0,0,0
36,2021-08-06,23,1019.79,1048.52,174059,640,1.21,52,12,0.0,0,0
37,2021-08-07,13,614.87,1030.66,183356,608,0.31,23,12,0.0,0,0
38,2021-08-08,17,769.8,935.74,172821,557,2.03,43,18,0.0,0,0
39,2021-08-09,22,1039.77,1017.95,160712,609,1.83,49,9,0.0,0,0
40,2021-08-10,27,1147.7,1251.74,157838,835,0.94,44,21,0.0,0,0
41,2021-08-11,30,1234.69,1226.78,158104,893,3.15,38,13,0.0,0,0
42,2021-08-12,23,794.79,1012.65,138496,770,2.87,55,19,0.0,0,0
43,2021-08-13,42,1787.75,1383.96,201766,791,2.54,78,44,0.0,0,0
44,2021-08-14,37,1407.9,1143.94,145225,633,1.58,20,15,0.0,0,0
45,2021-08-15,59,2259.9,2294.69,426909,2033,1.66,65,19,0.0,0,0
46,2021-08-16,76,3047.7400000000002,1946.6,312434,1718,3.13,77,31,0.0,0,0
47,2021-08-17,70,2882.52,1969.71,285189,1485,2.97,76,31,0.0,0,0
48,2021-08-18,43,1560.86,2006.8,289776,1463,5.17,76,27,0.0,0,0
49,2021-08-19,46,1565.99,1942.13,265628,1125,1.9,53,23,0.0,0,0
50,2021-08-20,28,1011.98,1932.09,277742,1025,1.45,61,27,0.0,0,0
51,2021-08-21,29,968.01,1524.44,236062,832,1.1,33,18,0.0,0,0
52,2021-08-22,29,1003.98,1057.88,210701,817,1.59,32,14,0.0,0,0
53,2021-08-23,28,1192.84,1345.65,209568,710,7.51,71,33,0.0,0,0
54,2021-08-24,11,309.93,520.0,65215,251,5.2,47,30,0.0,0,0
55,2021-08-25,14,370.86,1478.28,201465,495,3.89,51,21,0.0,0,0
56,2021-08-26,17,526.8199999999999,173.66,26060,130,1.24,41,23,0.0,0,0
57,2021-08-27,7,174.94,4.93,2539,53,1.46,36,14,0.0,0,0
58,2021-08-28,7,209.92,34.07,5978,64,0.51,23,14,0.0,0,0
59,2021-08-29,6,173.94,93.56,18572,114,1.42,15,9,0.0,0,0
60,2021-08-30,7,69.97,51.49,10404,53,2.23,33,27,0.0,0,0
61,2021-08-31,0,0.0,0.0,0,0,1.02,40,24,0.0,0,0
62,2021-09-01,0,0.0,0.0,0,0,3.69,33,25,0.0,0,0
63,2021-09-02,0,0.0,0.0,0,0,1.33,25,15,0.0,0,0
64,2021-09-03,0,0.0,0.0,0,0,4.2,19,17,0.0,0,0
65,2021-09-04,0,0.0,0.0,0,0,4.02,28,19,0.0,0,0
66,2021-09-05,0,0.0,0.0,0,0,4.88,48,27,0.0,0,0
67,2021-09-06,0,0.0,0.0,0,0,3.86,27,12,0.0,0,0
68,2021-09-07,0,0.0,0.0,0,0,4.5,21,13,0.0,0,0
69,2021-09-08,0,0.0,0.0,0,0,4.1,34,21,0.0,0,0
70,2021-09-09,0,0.0,0.0,0,0,1.2,14,9,0.0,0,0
71,2021-09-10,0,0.0,0.0,0,0,1.51,27,12,0.0,0,0
72,2021-09-11,0,0.0,0.0,0,0,0.81,13,8,0.0,0,0
73,2021-09-12,0,0.0,0.0,0,0,2.9,23,17,0.0,0,0
74,2021-09-13,1,0.0,0.0,0,0,5.83,41,26,0.0,0,0
75,2021-09-14,0,0.0,0.0,0,0,2.86,34,20,0.0,0,0
76,2021-09-15,0,0.0,0.0,0,0,1.69,23,20,0.0,0,0
77,2021-09-16,59,2661.2999999999997,157.01,16864,71,5.74,71,44,0.0,0,0
78,2021-09-17,39,1789.5900000000001,814.34,82527,310,2.23,28,11,0.0,0,0
79,2021-09-18,14,570.84,602.58,59389,218,0.99,17,8,0.0,0,0
80,2021-09-19,13,509.86,577.59,65764,197,0.79,14,9,0.0,0,0
81,2021-09-20,28,991.72,917.17,72529,461,0.13,13,6,0.0,0,0
82,2021-09-21,22,805.02,624.7,38315,276,0.21,15,6,0.0,0,0
83,2021-09-22,21,854.76,543.45,29053,213,1.26,15,12,0.0,0,0
84,2021-09-23,20,672.8100000000001,609.44,43624,278,0.64,10,8,0.0,0,0
85,2021-09-24,18,586.34,924.54,89893,400,0.66,16,10,0.0,0,0
86,2021-09-25,5,164.95000000000002,721.15,75725,347,0.38,12,4,0.0,0,0
87,2021-09-26,9,281.43,707.49,86218,349,0.4,10,7,0.0,0,0
88,2021-09-27,29,845.69,546.06,62131,334,1.15,23,10,0.0,0,0
89,2021-09-28,27,804.73,1135.16,122114,493,2.88,21,15,0.0,0,0
90,2021-09-29,17,604.84,767.89,82119,399,0.34,25,9,0.0,0,0
91,2021-09-30,17,649.79,772.24,84853,339,2.49,28,16,0.0,0,0
92,2021-10-01,16,204.93,727.0,81049,282,0.48,12,6,0.0,0,0
93,2021-10-02,11,304.89,899.91,93399,343,0.18,8,5,0.0,0,0
94,2021-10-03,13,323.88,688.84,81351,263,0.94,22,14,0.0,0,0
95,2021-10-04,13,724.84,356.76,44506,137,1.71,26,9,0.0,0,0
96,2021-10-05,24,613.77,712.4,102793,357,1.0,34,16,0.0,0,0
97,2021-10-06,18,719.79,608.24,79895,279,2.38,41,19,0.0,0,0
98,2021-10-07,13,419.86,583.7,79623,254,0.49,22,13,0.0,0,0
99,2021-10-08,29,866.72,858.27,126589,411,0.17,29,12,0.0,0,0
100,2021-10-09,15,409.85,789.03,132547,386,0.09,14,5,0.0,0,0
101,2021-10-10,16,494.81,745.0,147026,395,1.4,24,13,0.0,0,0
102,2021-10-11,18,430.85,602.44,101624,343,1.03,26,12,0.0,0,0
103,2021-10-12,33,919.74,767.81,116984,401,0.91,43,18,0.0,0,0
104,2021-10-13,28,929.23,791.0,123720,411,0.48,35,19,0.0,0,0
105,2021-10-14,25,524.31,555.05,81702,231,0.49,27,13,0.0,0,0
106,2021-10-15,14,282.65000000000003,384.84,59654,191,0.82,25,17,0.0,0,0
107,2021-10-16,36,1102.62,1036.25,185292,608,1.93,52,28,0.0,0,0
108,2021-10-17,35,1094.63,988.41,187552,613,1.39,30,14,0.0,0,0
109,2021-10-18,52,1540.47,828.71,144316,592,1.05,50,25,0.0,0,0
110,2021-10-19,55,1492.45,1243.0,199577,787,2.03,74,42,0.0,0,0
111,2021-10-20,67,1703.2800000000002,1344.67,202517,1003,2.03,77,40,0.0,0,0
112,2021-10-21,51,1497.47,1205.49,184421,910,3.04,60,39,0.0,0,0
113,2021-10-22,61,1330.49,1438.33,214084,1082,1.99,78,33,0.0,0,0
114,2021-10-23,49,1467.03,1448.88,214737,949,0.44,39,17,0.0,0,0
115,2021-10-24,38,1062.64,1302.45,248235,894,2.29,45,17,0.0,0,0
116,2021-10-25,51,1336.01,1345.67,242812,795,2.91,53,25,0.0,0,0
117,2021-10-26,59,1614.44,1761.92,280737,973,2.89,55,28,0.0,0,0
118,2021-10-27,55,1469.49,1707.44,240575,820,3.49,62,32,0.0,0,0
119,2021-10-28,59,1643.42,1750.09,258472,884,2.69,41,28,0.0,0,0
120,2021-10-29,36,871.1700000000001,1615.37,237320,711,1.93,49,24,0.0,0,0
121,2021-10-30,42,1325.07,1761.97,246861,874,2.07,67,33,0.0,0,0
122,2021-10-31,40,1041.61,1645.1,243548,780,2.4,49,34,0.0,0,0
123,2021-11-01,43,1264.08,1557.53,261542,861,1.18,62,37,0.0,0,0
124,2021-11-02,49,1406.54,1129.07,173201,560,2.11,76,32,0.0,0,0
125,2021-11-03,40,929.6700000000001,1024.84,152380,500,2.75,70,36,0.0,0,0
126,2021-11-04,22,691.8100000000001,916.06,136788,466,1.28,44,24,0.0,0,0
127,2021-11-05,28,1001.76,905.39,136964,482,1.75,66,33,0.0,0,0
128,2021-11-06,28,852.7,1458.7,244994,1001,1.01,46,20,0.0,0,0
129,2021-11-07,38,1213.66,1305.36,236765,939,0.54,60,29,0.0,0,0
130,2021-11-08,31,1028.75,584.5,89693,284,0.72,30,14,0.0,0,0
131,2021-11-09,23,549.81,646.39,88579,276,1.18,33,24,0.0,0,0
132,2021-11-10,22,625.79,531.6,64115,185,2.65,61,28,0.0,0,0
133,2021-11-11,16,442.87,456.86,54194,205,1.4,28,14,0.0,0,0
134,2021-11-12,17,549.84,469.62,67300,225,0.64,37,19,0.0,0,0
135,2021-11-13,9,277.93,426.85,64182,239,0.08,16,8,0.0,0,0
136,2021-11-14,19,364.82,489.99,58830,144,0.62,31,21,0.0,0,0
137,2021-11-15,37,1006.64,263.34,47284,41,0.85,55,33,0.0,0,0
138,2021-11-16,27,723.3000000000001,471.33,43003,90,0.78,56,21,0.0,0,0
139,2021-11-17,23,721.27,360.53,32418,61,1.05,16,8,0.0,0,0
140,2021-11-18,8,728.76,170.35,20202,37,0.99,20,12,0.0,0,0
141,2021-11-19,10,201.45,175.02,22075,31,0.16,9,5,0.0,0,0
142,2021-11-20,6,249.43,141.63,19365,34,0.96,35,27,0.0,0,0
143,2021-11-21,4,202.96,9.57,1228,1,0.85,31,17,0.0,0,0
144,2021-11-22,5,123.45,2.42,123,0,0.8,40,16,0.0,0,0
145,2021-11-23,3,79.97,7.59,968,0,1.14,25,12,0.0,0,0
146,2021-11-24,4,94.96,9.52,961,0,1.27,22,15,0.0,0,0
147,2021-11-25,0,0.0,9.37,801,0,1.24,17,10,0.0,0,0
148,2021-11-26,8,259.98,10.29,214,0,1.28,32,19,0.0,0,0
149,2021-11-27,3,116.98,50.87,5154,16,0.17,11,4,0.0,0,0
150,2021-11-28,16,655.98,280.9,28346,75,2.51,26,16,0.0,0,0
151,2021-11-29,8,251.98,114.17,11541,22,1.89,19,11,0.0,0,0
152,2021-11-30,14,455.99,147.77,12287,19,0.44,14,8,0.0,0,0
153,2021-12-01,8,305.96,87.49,8415,22,0.21,10,3,0.0,0,0
154,2021-12-02,8,183.97,68.53,6346,10,0.4,10,7,0.0,0,0
155,2021-12-03,11,185.94,48.31,6789,6,0.38,25,8,0.0,0,0
156,2021-12-04,4,28.0,21.58,3640,2,0.98,18,8,0.0,0,0
157,2021-12-05,6,211.97,3.44,1682,0,0.39,15,4,0.0,0,0
158,2021-12-06,6,74.99,5.13,2605,0,0.42,13,8,0.0,0,0
159,2021-12-07,3,109.97,5.19,2273,0,0.21,7,4,0.0,0,0
160,2021-12-08,6,67.99,3.95,1706,0,0.06,16,3,0.0,0,0
161,2021-12-09,1,28.0,1.93,1083,0,0.18,4,2,0.0,0,0
162,2021-12-10,4,-69.99,1.97,1075,0,0.65,13,6,0.0,0,0
163,2021-12-11,2,20.0,2.04,1133,0,0.0,8,0,0.0,0,0
164,2021-12-12,2,28.0,2.0,1401,0,0.23,9,4,0.0,0,0
165,2021-12-13,4,31.97,1.99,1223,0,0.0,6,0,0.0,0,0
166,2021-12-14,3,88.98,2.0,1178,0,0.4,12,2,0.0,0,0
167,2021-12-15,4,77.48,2.0,1234,0,0.27,27,6,0.0,0,0
168,2021-12-16,5,24.99,1.94,1188,0,0.1,26,8,0.0,0,0
169,2021-12-17,3,39.98,1.99,1146,0,0.45,21,7,0.0,0,0
170,2021-12-18,3,14.99,2.08,1286,0,0.05,9,3,0.0,0,0
171,2021-12-19,4,22.5,2.01,1519,0,0.24,13,1,0.0,0,0
172,2021-12-20,3,0.0,1.99,1555,0,0.27,13,6,0.0,0,0
173,2021-12-21,4,0.0,2.0,1631,0,0.92,11,4,0.0,0,0
174,2021-12-22,2,143.95,1.98,1615,0,0.79,10,4,0.0,0,0
175,2021-12-23,2,63.0,2.0,1719,0,0.57,2,2,0.0,0,0
176,2021-12-24,0,0.0,2.01,1858,0,0.15,8,4,0.0,0,0
177,2021-12-25,0,0.0,2.01,2091,0,0.03,4,3,0.0,0,0
178,2021-12-26,0,0.0,2.0,2201,0,0.05,7,5,0.0,0,0
179,2021-12-27,2,54.98,1.98,2333,0,0.07,6,5,0.0,0,0
180,2021-12-28,0,0.0,1.97,2239,0,0.0,0,0,0.0,0,0
181,2021-12-29,1,24.99,2.0,2072,0,0.58,6,2,0.0,0,0
182,2021-12-30,3,59.98,1.93,1274,0,0.94,16,3,0.0,0,0
183,2021-12-31,0,0.0,3.16,1640,0,0.0,1,0,0.0,0,0
184,2022-01-01,2,57.49,4.72,4216,0,0.99,10,4,0.0,0,0
185,2022-01-02,4,109.95,4.83,4692,2,0.11,13,4,0.0,0,0
186,2022-01-03,11,389.90000000000003,254.25,73048,304,0.1,17,6,0.0,0,0
187,2022-01-04,16,604.85,395.39,99057,476,0.28,40,15,0.0,0,0
188,2022-01-05,20,579.8100000000001,561.87,134721,1429,0.34,21,9,0.0,0,0
189,2022-01-06,32,1076.18,760.05,167728,1003,1.28,39,19,0.0,0,0
190,2022-01-07,17,377.91,552.0,118640,825,2.24,40,16,0.0,0,0
191,2022-01-08,21,619.96,468.71,129746,672,0.36,28,14,0.0,0,0
192,2022-01-09,42,1567.9,535.71,146334,824,1.39,35,15,0.0,0,0
193,2022-01-10,41,1359.86,767.31,205349,949,1.91,65,29,0.0,0,0
194,2022-01-11,34,955.9300000000001,814.68,200792,879,1.22,73,38,0.0,0,0
195,2022-01-12,39,1091.94,683.9,164343,733,1.65,53,31,0.0,0,0
196,2022-01-13,48,1461.92,899.7,208757,925,0.24,43,19,0.0,0,0
197,2022-01-14,25,695.96,830.3,162055,727,0.33,36,15,0.0,0,0
198,2022-01-15,33,1011.92,797.69,142891,683,1.77,48,31,0.0,0,0
199,2022-01-16,67,2275.85,898.85,200221,875,1.86,60,41,0.0,0,0
200,2022-01-17,42,1243.93,767.21,156836,623,0.94,46,24,0.0,0,0
201,2022-01-18,51,1610.83,763.64,135752,638,0.99,61,37,0.0,0,0
202,2022-01-19,45,1597.89,866.55,147125,596,1.97,75,41,0.0,0,0
203,2022-01-20,48,1655.9,880.69,142198,664,3.92,90,36,0.0,0,0
204,2022-01-21,37,968.96,892.65,143257,680,10.43,199,48,0.0,0,0
205,2022-01-22,40,1482.27,773.96,122644,549,3.62,227,51,0.0,0,0
206,2022-01-23,36,1213.8700000000001,833.8,148766,625,7.87,240,45,0.0,0,0
207,2022-01-24,42,1219.93,809.65,129220,528,11.64,158,62,0.0,0,0
208,2022-01-25,50,1483.95,857.37,123591,602,9.85,173,67,0.0,0,0
209,2022-01-26,61,1615.3400000000001,1043.63,172228,919,7.3,208,72,0.0,0,0
210,2022-01-27,55,1788.24,1057.96,156825,614,14.26,256,94,0.0,0,0
211,2022-01-28,43,1097.83,744.08,114038,472,12.88,175,78,0.0,0,0
212,2022-01-29,52,1861.72,681.78,110945,443,9.0,196,57,0.0,0,0
213,2022-01-30,63,2145.7,1064.59,188712,746,15.65,321,97,0.0,0,0
214,2022-01-31,67,2476.66,1018.51,175348,682,11.16,221,70,0.0,0,0
215,2022-02-01,76,2519.7,909.42,163754,588,9.49,238,87,0.0,0,0
216,2022-02-02,62,2112.69,876.07,136998,532,9.56,226,83,0.0,0,0
217,2022-02-03,66,2043.03,867.16,136426,507,8.8,213,95,0.0,0,0
218,2022-02-04,43,1329.68,917.1,157722,692,6.2,178,69,0.0,0,0
219,2022-02-05,48,1775.02,1029.45,187109,730,11.18,341,79,0.0,0,0
220,2022-02-06,55,2067.0,851.3,206655,871,19.13,337,99,0.0,0,0
221,2022-02-07,51,1422.64,577.2,116595,497,12.49,170,85,0.0,0,0
222,2022-02-08,64,2477.54,619.67,109986,498,12.85,152,64,0.0,0,0
223,2022-02-09,60,1948.5900000000001,614.53,108180,497,8.64,255,101,0.0,0,0
224,2022-02-10,66,2312.5099999999998,713.57,124521,524,7.08,225,100,0.0,0,0
225,2022-02-11,49,1770.63,705.34,120545,509,5.05,200,51,0.0,0,0
226,2022-02-12,45,1646.67,743.12,129955,608,5.77,283,62,0.0,0,0
227,2022-02-13,49,1869.14,778.11,149089,611,13.8,332,87,0.0,0,0
228,2022-02-14,71,2723.9500000000003,821.02,168011,626,18.34,183,86,0.0,0,0
229,2022-02-15,53,2008.06,810.86,139096,549,15.85,191,91,0.0,0,0
230,2022-02-16,53,1738.07,819.78,142624,519,5.53,156,64,0.0,0,0
231,2022-02-17,42,1407.72,669.83,128869,384,4.81,197,64,0.0,0,0
232,2022-02-18,35,1258.72,535.8,103442,343,6.73,162,66,0.0,0,0
233,2022-02-19,29,1132.22,603.87,118134,424,7.59,240,58,0.0,0,0
234,2022-02-20,54,1819.1200000000001,783.13,142503,604,16.07,351,94,0.0,0,0
235,2022-02-21,52,1738.39,784.73,134810,532,8.49,167,61,0.0,0,0
236,2022-02-22,29,742.08,544.5,86996,365,7.27,181,76,0.0,0,0
237,2022-02-23,27,686.85,463.44,75597,380,3.26,153,61,0.0,0,0
238,2022-02-24,34,776.8,437.94,78461,307,5.26,164,44,0.0,0,0
239,2022-02-25,24,527.92,465.97,83236,313,7.66,140,44,0.0,0,0
240,2022-02-26,20,694.88,525.43,100926,347,7.55,240,51,0.0,0,0
241,2022-02-27,38,1210.31,647.39,129210,403,8.42,250,65,0.0,0,0
242,2022-02-28,27,765.85,557.86,98952,372,5.88,160,65,0.0,0,0
243,2022-03-01,34,1066.84,350.85,62897,233,10.61,127,57,0.0,0,0
244,2022-03-02,33,908.86,300.03,57387,191,6.88,177,43,0.0,0,0
245,2022-03-03,31,969.34,291.37,58373,202,21.06,126,53,0.0,0,0
246,2022-03-04,12,376.92,296.75,62089,219,10.17,176,56,0.0,0,0
247,2022-03-05,21,639.89,304.9,62271,248,4.85,250,43,0.0,0,0
248,2022-03-06,23,720.38,301.16,69287,230,13.39,344,87,0.0,0,0
249,2022-03-07,48,1783.58,307.66,64814,212,11.39,166,90,0.0,0,0
250,2022-03-08,36,986.8000000000001,315.6,50172,159,8.27,174,74,0.0,0,0
251,2022-03-09,93,3618.64,341.93,64773,206,10.09,177,93,0.0,0,0
252,2022-03-10,59,2288.95,502.13,94282,275,6.33,198,63,0.0,0,0
253,2022-03-11,48,1659.88,505.99,100752,279,10.39,189,70,0.0,0,0
254,2022-03-12,33,1280.73,547.12,112504,285,10.49,347,83,0.0,0,0
255,2022-03-13,46,1632.65,614.92,143643,387,11.58,391,102,0.0,0,0
256,2022-03-14,78,2705.77,624.53,132540,365,21.5,230,108,0.0,0,0
257,2022-03-15,73,2359.68,660.71,125649,326,10.69,176,75,0.0,0,0
258,2022-03-16,48,1688.1000000000001,718.75,139081,362,9.51,222,81,0.0,0,0
259,2022-03-17,44,1528.1000000000001,635.12,131874,343,7.31,227,70,0.0,0,0
260,2022-03-18,33,1092.78,486.45,107703,312,5.03,191,52,0.0,0,0
261,2022-03-19,38,1218.47,449.04,107404,285,3.36,282,44,0.0,0,0
262,2022-03-20,32,1019.27,580.06,140908,420,17.81,380,91,0.0,0,0
263,2022-03-21,57,1852.49,648.77,137819,387,11.16,252,67,0.0,0,0
264,2022-03-22,48,1727.63,718.39,141479,495,113.39,11,107,0.0,0,0
265,2022-03-23,46,1574.65,624.57,116520,397,60.49,15,100,0.0,0,0
266,2022-03-24,29,963.75,514.68,99606,294,59.11,38,115,0.0,0,0
267,2022-03-25,32,886.8299999999999,499.42,94150,303,52.67,21,93,0.0,0,0
268,2022-03-26,26,1160.76,519.23,99819,302,61.49,8,90,0.0,0,0
269,2022-03-27,40,1527.68,517.44,105222,314,62.88,9,148,0.0,0,0
270,2022-03-28,33,954.22,383.97,74726,231,62.93,8,137,0.0,0,0
271,2022-03-29,38,1184.75,372.9,68903,198,63.04,5,113,0.0,0,0
272,2022-03-30,36,1039.76,506.31,92157,267,47.51,4,142,0.0,0,0
273,2022-03-31,32,982.81,597.29,101937,311,42.28,4,100,0.0,0,0
274,2022-04-01,29,801.85,549.03,97438,303,56.53,6,128,0.0,0,0
275,2022-04-02,22,778.8199999999999,525.9,103611,318,56.55,8,129,0.0,0,0
276,2022-04-03,28,731.3299999999999,590.48,134818,375,61.09,9,149,0.0,0,0
277,2022-04-04,29,783.81,391.85,89064,239,62.37,7,148,0.0,0,0
278,2022-04-05,10,259.95,106.37,21328,68,61.85,7,104,0.0,0,0
279,2022-04-06,15,440.90000000000003,0.0,0,0,58.37,13,99,0.0,0,0
280,2022-04-07,17,485.78999999999996,0.0,0,0,58.78,15,121,0.0,0,0
281,2022-04-08,20,435.81,0.0,0,0,56.04,16,106,0.0,0,0
282,2022-04-09,8,169.92000000000002,0.0,0,0,58.99,14,120,0.0,0,0
283,2022-04-10,24,519.76,128.71,36906,120,60.56,9,115,0.0,0,0
284,2022-04-11,33,724.19,294.77,72783,266,65.45,8,130,0.0,0,0
285,2022-04-12,25,571.75,351.45,73824,214,58.59,27,86,0.0,0,0
286,2022-04-13,22,494.79,330.39,61090,203,58.24,21,91,0.0,0,0
287,2022-04-14,18,364.83,271.26,55770,131,58.32,17,68,0.0,0,0
288,2022-04-15,19,433.82,357.15,78002,200,60.28,20,79,0.0,0,0
289,2022-04-16,16,438.81,336.77,63839,172,55.21,24,52,0.0,0,0
290,2022-04-17,18,523.28,347.63,72907,217,54.99,10,76,0.0,0,0
291,2022-04-18,16,470.79,308.16,69601,199,59.09,8,71,0.0,0,0
292,2022-04-19,23,590.74,229.89,56305,177,63.72,8,89,0.0,0,0
293,2022-04-20,22,541.28,235.78,50761,167,57.94,7,76,0.0,0,0
294,2022-04-21,15,372.83,228.15,47723,159,54.94,7,77,0.0,0,0
295,2022-04-22,9,254.87,175.98,34444,114,56.17,6,73,0.0,0,0
296,2022-04-23,9,266.90999999999997,148.53,29720,84,58.61,7,84,0.0,0,0
297,2022-04-24,13,325.38,168.37,39462,136,59.34,7,100,0.0,0,0
298,2022-04-25,14,339.85,119.48,26767,82,62.31,6,100,0.0,0,0
299,2022-04-26,110,4417.84,186.31,36175,145,61.99,5,116,0.0,0,0
300,2022-04-27,89,3323.0699999999997,708.68,122777,355,61.02,5,124,0.0,0,0
301,2022-04-28,57,1923.91,659.23,95900,328,58.19,6,134,0.0,0,0
302,2022-04-29,37,1320.0500000000002,592.53,95595,353,53.89,7,94,0.0,0,0
303,2022-04-30,40,1367.5800000000002,628.21,102352,418,53.6,7,105,0.0,0,0
304,2022-05-01,53,1736.99,730.59,151271,617,59.65,11,137,0.0,0,0
305,2022-05-02,63,1954.4,664.0,138927,554,71.09,16,127,0.0,0,0
306,2022-05-03,64,1887.46,653.56,125746,495,72.33,11,164,0.0,0,0
307,2022-05-04,58,1584.46,731.76,130261,487,64.18,9,138,0.0,0,0
308,2022-05-05,53,1241.57,738.19,132074,447,56.37,7,107,0.0,0,0
309,2022-05-06,28,1040.25,540.19,96292,308,53.41,8,85,0.0,0,0
310,2022-05-07,19,829.77,538.42,104358,321,52.79,7,102,0.0,0,0
311,2022-05-08,36,1150.65,564.62,137151,396,60.41,6,112,0.0,0,0
312,2022-05-09,39,1056.37,480.76,104136,322,62.65,7,129,0.0,0,0
313,2022-05-10,45,1404.06,470.15,97943,348,56.58,6,80,0.0,0,0
314,2022-05-11,48,1827.47,460.88,91421,300,56.32,7,101,0.0,0,0
315,2022-05-12,40,972.65,467.84,92666,300,57.1,11,90,0.0,0,0
316,2022-05-13,32,978.24,444.52,82914,267,56.17,15,97,0.0,0,0
317,2022-05-14,31,980.22,479.75,80618,268,57.9,24,68,0.0,0,0
318,2022-05-15,35,1157.6200000000001,505.82,98782,303,58.2,17,78,0.0,0,0
319,2022-05-16,40,1388.1000000000001,473.88,89114,275,69.07,10,109,0.0,0,0
320,2022-05-17,45,1234.5,505.85,100275,409,62.69,8,106,0.0,0,0
321,2022-05-18,47,1368.03,560.7,104219,427,58.83,7,133,0.0,0,0
322,2022-05-19,31,990.69,518.18,100754,387,54.99,7,85,0.0,0,0
323,2022-05-20,27,725.23,515.44,96441,375,55.17,19,89,0.0,0,0
324,2022-05-21,28,947.6700000000001,541.65,104501,392,53.77,34,65,0.0,0,0
325,2022-05-22,32,797.6700000000001,593.44,128201,456,59.78,39,84,0.0,0,0
326,2022-05-23,37,1008.1300000000001,442.14,95883,348,61.07,42,65,0.0,0,0
327,2022-05-24,30,793.24,374.03,77126,261,62.69,30,60,0.0,0,0
328,2022-05-25,17,459.36,332.96,59739,181,26.18,11,44,0.0,0,0
329,2022-05-26,15,326.88,276.87,59255,201,6.27,134,28,0.0,0,0
330,2022-05-27,11,308.40000000000003,244.24,53888,204,10.18,121,41,0.0,0,0
331,2022-05-28,19,604.83,206.51,45833,148,11.01,173,35,0.0,0,0
332,2022-05-29,14,366.87,199.23,51208,167,16.46,217,48,0.0,0,0
333,2022-05-30,28,894.21,188.94,45587,171,7.67,117,45,0.0,0,0
334,2022-05-31,18,478.34000000000003,181.83,42714,137,9.33,102,47,0.0,0,0
335,2022-06-01,24,559.76,177.68,41649,148,3.53,136,55,0.0,0,0
336,2022-06-02,18,664.82,204.74,43726,133,4.73,120,45,0.0,0,0
337,2022-06-03,9,116.95,174.11,34746,134,4.02,118,30,0.0,0,0
338,2022-06-04,9,294.91,141.39,30807,148,4.48,115,21,0.0,0,0
339,2022-06-05,14,464.85,149.93,37470,174,8.76,113,39,0.0,0,0
340,2022-06-06,14,336.87,74.66,21627,63,10.1,150,38,0.0,0,0
341,2022-06-07,12,262.4,19.66,7377,30,7.04,124,43,0.0,0,0
342,2022-06-08,15,768.3100000000001,19.1,6492,24,3.18,101,41,0.0,0,0
343,2022-06-09,10,267.91,16.65,5525,0,7.48,100,40,0.0,0,0
344,2022-06-10,10,346.92,16.45,5229,0,1.87,74,17,0.0,0,0
345,2022-06-11,7,179.93,15.19,4391,0,4.76,124,27,0.0,0,0
346,2022-06-12,2,79.97999999999999,14.79,4377,0,10.57,160,29,0.0,0,0
347,2022-06-13,8,264.89,10.0,3151,0,9.52,89,28,0.0,0,0
348,2022-06-14,7,333.41,9.93,2944,0,3.13,96,27,0.0,0,0
349,2022-06-15,3,64.98,9.85,2583,0,4.49,87,26,0.0,0,0
350,2022-06-16,5,166.46,19.76,4954,2,3.88,64,22,0.0,0,0
351,2022-06-17,5,141.49,16.29,3629,1,3.23,72,18,0.0,0,0
352,2022-06-18,6,239.46,15.94,4069,1,5.95,110,21,0.0,0,0
353,2022-06-19,10,186.94,16.57,4213,1,5.87,109,28,0.0,0,0
354,2022-06-20,19,703.28,17.35,5925,0,6.29,113,34,0.0,0,0
355,2022-06-21,13,504.86,24.76,8091,0,8.11,94,37,0.0,0,0
356,2022-06-22,18,718.8100000000001,140.07,27537,102,4.98,120,33,0.0,0,0
357,2022-06-23,28,932.73,138.64,27170,89,5.58,140,46,0.0,0,0
358,2022-06-24,13,410.89000000000004,131.05,24713,84,6.69,150,39,0.0,0,0
359,2022-06-25,10,304.88,143.33,25782,351,6.85,123,37,0.0,0,0
360,2022-06-26,25,1017.77,136.21,27400,420,5.15,142,43,0.0,0,0
361,2022-06-27,35,1164.61,161.82,33929,283,29.37,157,67,0.0,0,0
362,2022-06-28,35,1181.2,201.85,35371,255,31.04,228,81,0.0,0,0
363,2022-06-29,43,1613.01,256.81,44606,302,90.69,9,101,0.0,0,0
364,2022-06-30,47,1449.56,254.88,43847,266,117.3,9,160,0.0,0,0
365,2022-07-01,35,1103.1499999999999,280.07,50408,252,81.37,8,121,320.0,122647,627
366,2022-07-02,45,1505.0,314.64,56973,327,97.01,14,150,320.0,111337,624
367,2022-07-03,49,1670.04,368.21,71762,430,131.76,17,195,368.29,137325,667
368,2022-07-04,88,2885.5299999999997,570.22,108521,570,165.83,14,260,418.56,158848,885
369,2022-07-05,57,1854.42,628.02,118747,583,173.5,11,204,420.0,178959,1011
370,2022-07-06,74,2257.32,616.72,113104,558,156.78,16,220,397.27,157880,800
371,2022-07-07,64,1849.1200000000001,788.19,136790,621,206.51,14,221,399.48,136510,699
372,2022-07-08,73,2480.75,944.5,187919,649,176.26,18,205,416.94,171095,644
373,2022-07-09,49,1509.0,1116.43,221425,838,192.61,21,227,436.46,162357,597
374,2022-07-10,75,2431.18,1165.81,239074,865,197.82,35,219,394.72,157718,685
375,2022-07-11,86,2587.69,957.92,185529,705,197.64,28,218,374.65,147078,686
376,2022-07-12,106,3781.44,976.19,176030,718,228.46,38,268,476.25,189936,936
377,2022-07-13,89,2692.6600000000003,963.71,158422,637,205.07,39,225,516.9,200678,848
378,2022-07-14,92,3233.06,963.58,165910,715,153.3,11,191,519.98,217287,993
379,2022-07-15,78,2466.17,958.55,156970,599,147.71,8,176,519.79,203288,853
380,2022-07-16,50,1421.0,990.04,169000,619,150.21,12,164,519.91,198125,880
381,2022-07-17,129,3773.86,1052.27,200712,683,209.62,21,228,519.89,231084,1037
382,2022-07-18,102,3467.94,963.69,194936,590,231.92,18,295,519.96,192551,849
383,2022-07-19,85,2317.7,832.71,153836,527,232.93,18,233,310.23,113474,552
384,2022-07-20,64,2191.87,680.93,122316,448,222.96,21,244,300.0,136911,669
385,2022-07-21,52,1529.45,631.45,118240,349,141.05,20,214,225.6,69139,329
386,2022-07-22,53,2213.39,606.06,99151,308,131.22,16,207,190.0,51929,243
387,2022-07-23,29,1161.2,654.11,116744,261,99.52,13,149,189.94,55123,236
388,2022-07-24,46,1710.9499999999998,663.95,128965,323,139.52,990,129,175.81,55658,291
389,2022-07-25,58,2242.34,559.18,117335,309,111.84,1,164,71.27,22788,113
390,2022-07-26,57,1895.38,558.19,116252,301,85.35,1,160,90.0,45316,138
391,2022-07-27,57,1903.49,463.15,89071,214,104.33,1,165,90.0,38307,133
392,2022-07-28,47,1233.6,430.0,75477,229,152.64,1,160,74.89,26884,150
393,2022-07-29,31,894.6800000000001,473.95,79058,223,62.93,2,114,70.0,42953,153
394,2022-07-30,34,1215.6200000000001,444.48,71680,223,85.21,1,114,70.0,45146,164
395,2022-07-31,41,1553.03,472.07,83799,239,182.16,2,160,70.0,41234,129
396,2022-08-01,41,1306.06,310.59,59974,188,123.84,1,132,70.0,49164,172
397,2022-08-02,62,1793.43,317.4,57786,184,118.78,1,142,70.0,47747,169
398,2022-08-03,35,1063.19,318.97,56223,180,95.31,1,132,69.92,45417,147
399,2022-08-04,18,282.82,246.09,42578,173,70.62,555,111,69.96,42565,130
400,2022-08-05,21,449.79,196.08,34582,143,71.03,689,122,69.99,43344,158
401,2022-08-06,16,363.34000000000003,200.0,37047,131,66.52,759,104,70.0,45032,150
402,2022-08-07,15,274.34000000000003,213.83,40043,138,118.81,1,137,70.0,46524,145
403,2022-08-08,31,665.6800000000001,204.94,37517,167,105.1,1,147,83.94,55898,201
404,2022-08-09,30,649.7,198.99,32190,142,111.53,2,166,170.0,83658,331
405,2022-08-10,40,784.13,228.13,37854,199,77.18,1,137,170.0,76610,319
406,2022-08-11,42,738.63,289.65,48409,233,56.01,1,131,169.9,73191,290
407,2022-08-12,27,646.7,341.57,50244,237,56.43,2,111,169.93,72006,305
408,2022-08-13,24,523.2,370.97,52877,231,73.96,4,97,203.98,107266,583
409,2022-08-14,30,774.6500000000001,433.85,73883,318,75.22,3,125,190.18,87232,508
410,2022-08-15,55,1229.45,409.09,71604,320,64.75,4,163,169.75,79958,568
411,2022-08-16,49,985.52,618.02,111224,529,68.81,3,168,169.89,97420,607
412,2022-08-17,55,1046.48,601.74,102122,435,73.32,3,170,207.46,108952,666
413,2022-08-18,36,733.09,607.06,98786,406,61.72,3,138,219.79,108409,545
414,2022-08-19,33,822.1400000000001,599.1,90417,389,64.92,2,136,219.46,91349,434
415,2022-08-20,32,674.6600000000001,617.06,100548,395,53.67,2,108,250.27,101815,433
416,2022-08-21,34,683.1600000000001,634.11,114169,528,64.66,3,190,269.52,106041,442
417,2022-08-22,82,1862.64,650.51,106851,596,66.8,3,229,269.92,103250,491
418,2022-08-23,78,1776.88,691.08,113424,617,61.67,4,212,269.46,114352,469
419,2022-08-24,48,1404.5,676.44,109213,527,51.25,3,191,269.03,97505,453
420,2022-08-25,259,9803.01,729.24,124606,619,88.28,5,265,293.23,96187,522
421,2022-08-26,154,7468.94,1010.6,165559,849,87.75,2,245,518.44,231405,926
422,2022-08-27,89,3936.96,1172.2,193224,802,104.37,3,176,519.23,180912,691
423,2022-08-28,92,4047.75,1263.51,211875,863,105.14,2,179,604.78,192178,838
424,2022-08-29,126,5068.66,1470.24,243012,865,161.39,1,259,618.42,215488,984
425,2022-08-30,118,4637.32,1408.99,236618,780,232.43,3,289,619.04,197473,844
426,2022-08-31,149,5869.160000000001,1387.23,223737,798,303.25,9,382,684.47,269294,846
427,2022-09-01,127,4748.68,1414.47,241987,819,264.6,9,298,840.37,374925,729
428,2022-09-02,88,3399.62,1452.25,262028,786,169.01,8,263,824.39,341851,723
429,2022-09-03,76,2764.22,1271.59,217096,720,197.38,5,227,799.61,294622,713
430,2022-09-04,100,4296.349999999999,1333.8,257478,804,220.06,5,292,786.63,292868,747
431,2022-09-05,101,3959.0499999999997,1280.96,253774,681,237.52,6,330,633.39,199355,782
432,2022-09-06,78,3014.22,1131.14,196640,563,240.99,8,314,593.45,178213,741
433,2022-09-07,88,3956.5099999999998,1072.26,172855,566,238.44,9,306,594.45,184512,792
434,2022-09-08,72,3118.2999999999997,1092.18,182513,519,231.78,11,353,596.21,226152,884
435,2022-09-09,49,2036.53,1072.6,200769,561,184.44,9,283,597.41,226135,770
436,2022-09-10,57,2599.29,1074.59,183261,504,190.96,8,264,450.0,135218,561
437,2022-09-11,63,2754.53,1103.12,193148,593,244.26,7,297,449.74,139096,594
438,2022-09-12,89,3926.05,1188.15,205381,723,240.7,10,283,449.37,178611,752
439,2022-09-13,97,4144.75,1151.27,177840,639,296.98,12,303,449.7,124967,498
440,2022-09-14,65,3038.25,1099.83,170085,549,284.97,13,316,369.64,113413,384
441,2022-09-15,66,2607.12,1044.05,157703,532,191.37,10,269,362.66,103217,362
442,2022-09-16,59,2045.64,1060.31,146710,521,137.21,5,228,367.3,112508,380
443,2022-09-17,43,1691.94,1048.04,147405,558,148.83,4,212,368.6,135706,471
444,2022-09-18,73,3267.13,1075.03,181447,608,169.17,4,234,368.54,117095,456
445,2022-09-19,77,3531.41,1053.77,175727,524,147.13,4,223,364.48,129904,409
446,2022-09-20,77,3363.83,1041.14,163765,470,181.04,4,208,367.03,118658,398
447,2022-09-21,78,3056.25,1028.32,151894,511,199.66,4,242,369.86,118448,396
448,2022-09-22,47,2048.3,1032.73,138451,434,275.04,4,215,364.3,124035,411
449,2022-09-23,32,1251.64,934.97,143560,406,185.35,4,151,371.5,81262,257
450,2022-09-24,31,1419.65,686.65,108892,308,203.79,5,170,269.98,61162,230
451,2022-09-25,45,1957.04,670.1,119349,379,480.66,6,233,270.0,53708,191
452,2022-09-26,124,5094.9400000000005,858.2,133255,427,290.91,6,247,173.64,38002,108
453,2022-09-27,83,3023.88,977.61,143900,424,220.26,5,174,170.0,36685,80
454,2022-09-28,58,2638.31,969.06,139488,354,238.19,7,206,170.08,39631,120
455,2022-09-29,52,1801.96,966.94,138318,404,161.23,7,174,170.0,38333,130
456,2022-09-30,100,3652.79,958.38,140126,367,194.29,7,183,162.88,47252,181
457,2022-10-01,64,2476.63,1050.14,184691,463,137.91,12,193,200.0,87110,128
458,2022-10-02,56,2006.3700000000001,1377.86,246406,617,138.13,10,184,194.23,116631,186
459,2022-10-03,79,2466.0,1014.44,187700,450,172.54,11,217,200.0,90617,257
460,2022-10-04,71,2649.66,986.9,177751,411,248.34,20,199,200.0,100664,276
461,2022-10-05,87,3008.54,1173.66,190379,559,236.54,34,244,305.72,139004,433
462,2022-10-06,72,2529.2400000000002,1384.78,201759,594,204.18,19,211,350.0,185387,533
463,2022-10-07,55,1883.14,1364.06,198061,553,258.85,20,210,350.0,135780,488
464,2022-10-08,70,2426.24,1533.92,227633,623,213.95,24,246,409.49,206879,705
465,2022-10-09,85,3138.9900000000002,1673.0,281528,686,288.09,22,327,449.88,217283,1024
466,2022-10-10,115,3392.61,1205.41,182575,560,381.32,27,331,450.0,199754,860
467,2022-10-11,75,2736.6499999999996,1042.88,155746,468,270.3,29,314,450.0,236656,859
468,2022-10-12,87,2891.08,1020.7,148845,431,388.5,40,362,450.0,252157,877
469,2022-10-13,63,2333.2799999999997,990.85,142626,399,301.84,49,298,449.86,183654,690
470,2022-10-14,63,2108.27,943.57,139417,411,201.25,46,325,350.0,134719,500
471,2022-10-15,49,2022.43,1009.43,144341,455,140.49,48,306,350.0,147160,582
472,2022-10-16,70,2689.99,1122.85,174735,501,282.83,66,406,386.15,154131,592
473,2022-10-17,82,2905.27,1115.78,171963,414,280.12,65,406,400.0,202021,716
474,2022-10-18,91,2945.89,977.47,141102,355,243.45,62,337,400.0,197126,666
475,2022-10-19,69,2371.2599999999998,1011.07,140769,427,318.19,67,407,396.85,178400,707
476,2022-10-20,74,2997.61,1055.41,136667,435,256.5,81,367,400.0,147375,559
477,2022-10-21,56,1959.39,971.46,122941,368,148.18,14,218,400.0,149837,687
478,2022-10-22,42,1669.3899999999999,939.67,128296,425,127.65,15,205,400.0,113925,776
479,2022-10-23,60,2382.78,1035.45,161039,529,207.18,14,256,399.99,140258,814
480,2022-10-24,82,2814.1099999999997,920.5,129887,482,258.17,15,287,399.37,185017,939
481,2022-10-25,81,2827.7799999999997,860.69,115175,343,181.08,17,264,386.01,177011,739
482,2022-10-26,73,2767.61,1099.93,164914,430,197.42,16,206,562.25,300743,1138
483,2022-10-27,90,3371.9,1314.78,205196,572,264.48,19,276,574.86,273830,1006
484,2022-10-28,69,2325.56,1311.89,211836,565,168.14,25,249,524.98,284047,958
485,2022-10-29,53,1912.38,891.14,144178,413,260.07,19,233,475.0,218562,898
486,2022-10-30,58,2057.86,928.56,178183,440,304.08,26,315,475.0,203454,744
487,2022-10-31,71,2541.72,964.08,190084,416,243.77,24,226,475.0,188605,667
488,2022-11-01,82,3090.54,997.32,206082,467,259.73,24,268,473.77,248381,953
489,2022-11-02,79,2850.58,1020.66,175627,409,253.18,19,305,474.8,194425,674
490,2022-11-03,79,2662.2,1186.28,190283,461,271.06,20,271,473.11,287464,996
491,2022-11-04,65,2256.77,1193.35,193667,478,212.24,17,269,381.72,130476,492
492,2022-11-05,37,1499.54,1312.74,222750,683,185.66,16,247,425.0,180244,685
493,2022-11-06,90,3368.4199999999996,1328.54,221916,749,236.57,21,328,425.0,177230,900
494,2022-11-07,67,2202.08,995.25,164852,566,218.06,19,300,461.39,206568,920
495,2022-11-08,61,2237.29,856.11,135360,458,307.61,20,296,389.54,151933,921
496,2022-11-09,69,2328.72,833.47,135981,498,254.97,18,328,358.81,132878,776
497,2022-11-10,56,1794.93,730.11,117273,346,235.84,15,252,329.87,122367,838
498,2022-11-11,49,1772.1200000000001,586.48,94595,286,192.4,13,213,299.5,122794,646
499,2022-11-12,29,1138.14,503.72,83857,254,138.3,8,204,249.45,91315,474
500,2022-11-13,61,2379.76,501.75,92617,272,188.07,10,302,250.0,109291,576
501,2022-11-14,51,1595.49,382.2,70860,224,182.3,9,227,184.98,77952,457
502,2022-11-15,54,2014.56,312.31,58865,173,126.94,9,201,150.0,59361,417
503,2022-11-16,44,1630.19,304.66,55709,153,188.47,15,198,149.98,61916,420
504,2022-11-17,30,1202.81,306.68,57478,148,108.84,7,129,146.64,57343,246
505,2022-11-18,25,1191.75,285.66,47132,114,92.78,7,145,140.0,56083,206
506,2022-11-19,22,825.33,279.83,43655,135,95.99,7,149,140.0,57630,195
507,2022-11-20,32,1148.01,301.99,49717,121,103.48,7,193,140.0,58512,223
508,2022-11-21,27,876.89,262.86,40031,123,107.54,6,171,112.05,40015,120
509,2022-11-22,34,1258.22,281.67,42638,151,75.93,6,151,107.03,41930,122
510,2022-11-23,33,1053.59,295.85,35349,207,42.03,6,102,111.28,34340,180
511,2022-11-24,32,1088.27,275.84,32384,134,72.25,5,140,108.81,21462,107
512,2022-11-25,45,1927.16,385.3,35855,149,121.21,5,214,110.0,21913,88
513,2022-11-26,30,1313.04,431.18,43788,200,72.04,5,126,110.0,21425,88
514,2022-11-27,28,1088.29,475.63,63636,202,87.2,5,140,110.0,26132,82
515,2022-11-28,30,1167.53,337.27,44073,133,78.38,5,129,77.66,19912,73
516,2022-11-29,23,823.0600000000001,277.3,36887,112,61.4,5,117,49.75,19804,237
517,2022-11-30,22,818.35,264.76,39284,127,69.29,6,122,78.68,28702,351
518,2022-12-01,34,1623.45,262.73,36767,126,68.84,5,111,0.0,0,0
519,2022-12-02,17,571.13,237.63,37068,93,62.48,6,90,0.0,0,0
520,2022-12-03,12,386.7,230.44,35564,112,48.35,5,78,0.0,0,0
521,2022-12-04,26,1165.21,211.32,34930,86,62.98,5,107,0.0,0,0
522,2022-12-05,17,482.45,136.52,22962,44,59.14,6,105,0.0,0,0
523,2022-12-06,18,728.65,133.4,21372,58,72.62,8,97,0.0,0,0
524,2022-12-07,19,535.16,145.12,22821,57,64.08,9,85,0.0,0,0
525,2022-12-08,19,658.39,163.6,24035,57,75.43,10,98,0.0,0,0
526,2022-12-09,13,474.39000000000004,163.95,24146,77,66.34,7,87,0.0,0,0
527,2022-12-10,14,451.66,170.25,26482,79,91.22,7,102,0.0,0,0
528,2022-12-11,38,1538.46,184.92,31203,114,115.13,12,127,0.0,0,0
529,2022-12-12,24,967.3000000000001,169.12,27293,90,116.1,13,100,0.0,0,0
530,2022-12-13,28,1224.2,163.32,22419,116,118.93,13,108,0.0,0,0
531,2022-12-14,20,814.34,196.93,29902,95,119.4,13,108,0.0,0,0
532,2022-12-15,14,595.63,140.91,19525,55,115.58,14,107,0.0,0,0
533,2022-12-16,20,925.3000000000001,113.97,17523,52,86.37,12,67,0.0,0,0
534,2022-12-17,16,608.64,118.92,17790,39,101.86,9,83,0.0,0,0
535,2022-12-18,8,294.68,130.9,21030,50,78.76,8,79,0.0,0,0
536,2022-12-19,13,491.42,89.69,15287,35,58.94,9,81,0.0,0,0
537,2022-12-20,10,394.90000000000003,79.15,13495,28,47.35,9,65,0.0,0,0
538,2022-12-21,10,511.38,99.77,14255,36,60.48,9,69,0.0,0,0
539,2022-12-22,10,320.4,85.04,12527,37,52.4,9,75,0.0,0,0
540,2022-12-23,0,0.0,86.68,11645,23,44.71,7,68,0.0,0,0
541,2022-12-24,2,75.49,43.67,5712,10,32.06,6,53,0.0,0,0
542,2022-12-25,7,271.18,0.0,0,0,25.07,3,51,0.0,0,0
543,2022-12-26,5,145.46,0.0,0,0,20.24,3,35,0.0,0,0
544,2022-12-27,8,287.93,17.81,4353,106,29.16,2,54,0.0,0,0
545,2022-12-28,5,170.97,17.61,5649,117,17.62,2,42,0.0,0,0
546,2022-12-29,7,335.93,17.66,6238,152,20.58,2,45,0.0,0,0
547,2022-12-30,11,272.96000000000004,109.76,31791,177,43.38,2,59,0.0,0,0
548,2022-12-31,5,257.94,109.62,29244,96,29.34,3,38,0.0,0,0
549,2023-01-01,17,811.61,103.33,42541,142,42.02,3,56,0.0,0,0
550,2023-01-02,28,948.22,148.31,51854,163,44.09,4,84,0.0,0,0
551,2023-01-03,39,1316.6200000000001,226.78,71475,377,64.45,3,131,0.0,0,0
552,2023-01-04,34,1583.09,223.82,70052,375,55.29,4,135,0.0,0,0
553,2023-01-05,26,1054.68,260.34,84254,359,67.25,5,133,0.0,0,0
554,2023-01-06,37,1597.54,313.79,97114,349,34.73,6,129,0.0,0,0
555,2023-01-07,34,1219.63,381.98,116714,427,73.42,7,125,0.0,0,0
556,2023-01-08,49,1908.46,434.25,121061,444,63.61,12,180,0.0,0,0
557,2023-01-09,38,1622.5700000000002,444.02,114874,390,103.86,20,195,0.0,0,0
558,2023-01-10,75,2827.06,525.52,119041,459,149.25,23,249,0.0,0,0
559,2023-01-11,71,2813.54,659.35,137137,492,115.85,21,231,0.0,0,0
560,2023-01-12,60,2456.19,686.54,142787,515,135.4,21,283,0.0,0,0
561,2023-01-13,54,2140.9900000000002,643.16,140550,498,110.12,18,217,0.0,0,0
562,2023-01-14,43,1798.46,528.97,106183,412,122.83,19,255,0.0,0,0
563,2023-01-15,72,2683.7000000000003,506.11,121554,510,158.5,19,327,0.0,0,0
564,2023-01-16,81,3436.5899999999997,473.82,115675,449,147.05,18,308,0.0,0,0
565,2023-01-17,78,3218.98,597.71,149839,516,141.54,16,307,0.0,0,0
566,2023-01-18,71,2730.51,682.48,175681,632,132.76,15,286,0.0,0,0
567,2023-01-19,42,1856.4,682.92,172432,607,120.46,12,253,0.0,0,0
568,2023-01-20,38,1713.3600000000001,564.69,137599,497,66.49,9,184,0.0,0,0
569,2023-01-21,44,2387.95,578.26,134019,557,58.59,9,171,0.0,0,0
570,2023-01-22,39,1559.9,627.16,162298,551,74.12,9,156,0.0,0,0
571,2023-01-23,61,2095.34,588.57,159646,510,94.32,13,229,0.0,0,0
572,2023-01-24,44,1881.72,582.63,133597,411,120.39,13,187,0.0,0,0
573,2023-01-25,54,2092.2599999999998,722.14,149572,523,146.09,14,214,0.0,0,0
574,2023-01-26,50,1730.98,870.19,172077,718,103.97,13,198,0.0,0,0
575,2023-01-27,45,1717.3899999999999,893.45,177300,642,104.0,9,176,0.0,0,0
576,2023-01-28,61,2470.7,866.58,196669,710,95.15,8,167,0.0,0,0
577,2023-01-29,82,3938.13,937.7,231950,806,126.15,9,240,0.0,0,0
578,2023-01-30,96,3633.41,876.81,224862,683,163.1,11,275,0.0,0,0
579,2023-01-31,149,6819.52,989.74,239637,689,198.65,15,312,0.0,0,0
580,2023-02-01,87,3222.0099999999998,993.28,229731,736,234.52,22,301,0.0,0,0
581,2023-02-02,70,2966.6899999999996,1035.3,247633,854,255.53,26,328,0.0,0,0
582,2023-02-03,67,2438.78,939.53,221858,723,212.11,28,248,0.0,0,0
583,2023-02-04,43,1704.42,915.12,215633,743,149.16,24,209,0.0,0,0
584,2023-02-05,66,2735.04,1077.89,244596,886,198.22,20,298,0.0,0,0
585,2023-02-06,83,3555.56,1004.2,250861,796,189.6,14,280,0.0,0,0
586,2023-02-07,124,6029.53,910.65,221203,634,150.83,13,293,0.0,0,0
587,2023-02-08,102,4491.860000000001,1084.65,225243,824,188.98,12,324,0.0,0,0
588,2023-02-09,70,3014.0,1107.74,213917,911,149.64,15,248,0.0,0,0
589,2023-02-10,63,3028.2799999999997,914.99,177768,772,119.79,13,188,0.0,0,0
590,2023-02-11,46,2321.41,838.72,162568,686,149.54,13,207,0.0,0,0
591,2023-02-12,67,3210.97,913.29,229581,786,171.67,14,227,0.0,0,0
592,2023-02-13,80,3670.87,864.92,197030,690,214.92,14,248,0.0,0,0
593,2023-02-14,79,3721.06,844.45,195913,566,113.61,12,200,0.0,0,0
594,2023-02-15,118,5656.95,727.92,180489,477,171.79,12,260,0.0,0,0
595,2023-02-16,61,2063.7,655.8,145487,505,96.95,8,179,0.0,0,0
596,2023-02-17,48,1854.91,631.35,142373,414,139.04,7,182,0.0,0,0
597,2023-02-18,35,1546.1599999999999,484.71,106249,359,93.03,7,166,0.0,0,0
598,2023-02-19,45,1700.85,625.83,164132,449,83.28,7,146,0.0,0,0
599,2023-02-20,57,2391.32,730.77,185392,534,107.68,8,217,0.0,0,0
600,2023-02-21,90,3804.92,815.27,201861,575,154.52,8,223,0.0,0,0
601,2023-02-22,87,3679.48,880.67,210361,655,117.91,8,232,0.0,0,0
602,2023-02-23,73,2404.0299999999997,875.89,194447,587,148.92,4,202,0.0,0,0
603,2023-02-24,64,3048.08,763.58,166382,486,88.64,5,182,0.0,0,0
604,2023-02-25,65,2210.16,797.92,159448,549,175.98,7,207,0.0,0,0
605,2023-02-26,96,4596.6,967.66,205081,733,217.52,9,271,0.0,0,0
606,2023-02-27,125,5076.27,1065.58,228796,712,216.33,11,278,0.0,0,0
607,2023-02-28,120,5304.29,1337.47,281830,864,197.67,11,276,0.0,0,0
608,2023-03-01,95,4188.67,969.71,219943,694,241.66,11,293,0.0,0,0
609,2023-03-02,87,3697.3,962.88,210752,617,209.99,19,239,0.0,0,0
610,2023-03-03,71,2820.58,1042.37,235638,599,223.17,14,241,0.0,0,0
611,2023-03-04,64,2673.8599999999997,1183.2,254185,804,208.9,30,242,0.0,0,0
612,2023-03-05,100,4438.65,1345.63,311447,1084,270.06,34,374,0.0,0,0
613,2023-03-06,118,4932.92,1292.81,295826,896,237.18,38,358,0.0,0,0
614,2023-03-07,100,4079.24,1246.88,256563,814,297.02,39,315,0.0,0,0
615,2023-03-08,93,3786.8,1142.1,230910,711,254.37,31,310,0.0,0,0
616,2023-03-09,105,3786.7599999999998,1316.38,260721,716,192.22,29,297,0.0,0,0
617,2023-03-10,55,2034.89,1198.76,239923,606,137.81,17,234,0.0,0,0
618,2023-03-11,51,2045.94,1096.37,238826,684,120.44,21,226,0.0,0,0
619,2023-03-12,108,4461.48,991.89,215552,646,175.89,11,324,0.0,0,0
620,2023-03-13,90,4137.8,905.28,201668,519,185.23,22,288,0.0,0,0
621,2023-03-14,103,4347.2300000000005,988.12,219856,726,171.3,18,306,0.0,0,0
622,2023-03-15,105,4003.38,1085.35,228827,832,171.65,26,307,0.0,0,0
623,2023-03-16,92,3511.9,1132.31,236233,983,155.6,17,276,0.0,0,0
624,2023-03-17,49,2322.61,1015.52,221279,794,110.28,20,213,0.0,0,0
625,2023-03-18,66,2506.21,744.39,165494,626,157.21,25,224,0.0,0,0
626,2023-03-19,106,4541.55,991.66,245500,837,223.0,24,376,0.0,0,0
627,2023-03-20,88,3620.43,907.68,203909,620,172.63,16,299,0.0,0,0
628,2023-03-21,80,3414.46,524.21,110073,427,161.38,19,307,0.0,0,0
629,2023-03-22,85,3359.52,670.54,146359,517,173.59,14,306,0.0,0,0
630,2023-03-23,71,2873.5299999999997,639.61,137536,508,155.36,12,288,0.0,0,0
631,2023-03-24,52,1945.91,504.48,112579,411,104.39,12,189,0.0,0,0
632,2023-03-25,39,1644.3300000000002,394.01,91020,360,135.05,10,188,0.0,0,0
633,2023-03-26,91,4015.29,735.56,185022,718,160.05,13,293,0.0,0,0
634,2023-03-27,94,3722.3700000000003,934.79,232578,783,159.76,14,333,0.0,0,0
635,2023-03-28,104,4284.26,839.08,187387,617,142.86,15,304,0.0,0,0
636,2023-03-29,102,4359.47,776.99,172012,563,225.44,15,311,0.0,0,0
637,2023-03-30,91,4205.12,833.71,190806,581,157.18,8,236,0.0,0,0
638,2023-03-31,71,2853.65,777.6,174999,492,171.76,14,249,0.0,0,0
639,2023-04-01,56,2214.71,705.9,171868,496,266.96,29,272,0.0,0,0
640,2023-04-02,78,3124.73,819.14,220095,589,255.09,34,293,0.0,0,0
641,2023-04-03,107,4039.45,873.56,232076,761,373.76,44,358,0.0,0,0
642,2023-04-04,80,3354.4399999999996,714.66,179178,513,315.53,39,339,0.0,0,0
643,2023-04-05,66,3173.9500000000003,635.4,156894,464,329.58,39,345,0.0,0,0
644,2023-04-06,44,1865.4699999999998,617.45,146618,510,343.01,35,299,0.0,0,0
645,2023-04-07,50,2133.27,586.29,141679,485,373.39,49,312,0.0,0,0
646,2023-04-08,39,1767.01,440.66,112551,358,268.27,48,242,0.0,0,0
647,2023-04-09,47,2173.89,888.62,245659,863,299.71,37,267,0.0,0,0
648,2023-04-10,130,4882.73,910.26,278544,823,255.8,35,393,0.0,0,0
649,2023-04-11,116,4443.7699999999995,875.57,262804,699,228.2,26,373,0.0,0,0
650,2023-04-12,83,3718.1200000000003,885.33,249356,640,208.52,26,349,0.0,0,0
651,2023-04-13,75,2913.6299999999997,882.17,233851,740,186.47,28,272,0.0,0,0
652,2023-04-14,53,1735.46,662.08,171343,497,160.69,19,258,0.0,0,0
653,2023-04-15,41,1320.6699999999998,481.71,125165,383,149.16,20,215,0.0,0,0
654,2023-04-16,79,3647.3999999999996,774.89,225309,621,227.99,27,328,0.0,0,0
655,2023-04-17,82,3121.57,776.24,208922,535,212.5,25,343,0.0,0,0
656,2023-04-18,87,3851.15,852.3,213129,602,207.27,21,355,0.0,0,0
657,2023-04-19,69,2858.61,870.27,185450,568,131.69,15,291,0.0,0,0
658,2023-04-20,71,3623.44,754.99,184041,477,148.19,10,265,0.0,0,0
659,2023-04-21,42,1804.11,666.18,163423,395,106.1,8,201,0.0,0,0
660,2023-04-22,37,1717.0300000000002,509.43,122423,348,132.01,9,219,0.0,0,0
661,2023-04-23,47,2130.01,863.39,121281,370,181.84,12,298,0.0,0,0
662,2023-04-24,81,3485.7799999999997,811.11,227141,662,216.08,11,384,0.0,0,0
663,2023-04-25,77,3143.0299999999997,843.21,207356,570,221.43,20,372,0.0,0,0
664,2023-04-26,84,3430.71,842.38,190574,541,193.3,21,479,0.0,0,0
665,2023-04-27,92,4383.63,973.65,225572,547,228.49,45,382,0.0,0,0
666,2023-04-28,68,2865.68,924.26,209660,460,174.34,62,286,0.0,0,0
667,2023-04-29,57,2936.12,691.37,156507,430,225.81,59,352,0.0,0,0
668,2023-04-30,59,2590.64,1186.19,300457,714,223.58,56,347,0.0,0,0
669,2023-05-01,95,3929.04,1133.25,338892,830,237.53,70,508,0.0,0,0
670,2023-05-02,114,4944.24,1075.99,292899,755,266.79,51,485,0.0,0,0
671,2023-05-03,101,4692.36,1018.0,248149,604,244.62,37,465,0.0,0,0
672,2023-05-04,78,3239.9700000000003,1020.85,243395,624,231.57,51,364,0.0,0,0
673,2023-05-05,54,1955.9499999999998,825.06,200867,487,202.17,58,339,0.0,0,0
674,2023-05-06,55,2350.62,514.79,123429,344,235.93,50,401,0.0,0,0
675,2023-05-07,76,3214.7400000000002,924.28,255323,665,264.19,56,511,0.0,0,0
676,2023-05-08,79,3228.98,936.63,241620,537,210.52,54,409,0.0,0,0
677,2023-05-09,81,3543.7400000000002,921.66,216493,497,235.01,33,421,0.0,0,0
678,2023-05-10,110,4574.49,1001.02,214015,500,237.55,21,411,0.0,0,0
679,2023-05-11,99,5155.610000000001,875.76,169328,492,225.09,21,405,0.0,0,0
680,2023-05-12,60,2642.51,686.6,147271,387,189.73,26,294,0.0,0,0
681,2023-05-13,42,1944.67,507.86,113201,288,181.81,38,343,0.0,0,0
682,2023-05-14,55,2464.6,982.86,264482,580,273.42,45,399,0.0,0,0
683,2023-05-15,90,3573.3,932.07,217146,511,216.38,42,371,0.0,0,0
684,2023-05-16,67,3021.5600000000004,1042.27,228564,559,186.41,48,374,0.0,0,0
685,2023-05-17,50,2209.02,1038.28,226155,563,132.89,72,275,0.0,0,0
686,2023-05-18,41,1685.37,843.81,192157,429,138.21,34,299,0.0,0,0
687,2023-05-19,32,1284.1499999999999,608.46,139422,337,166.95,49,292,0.0,0,0
688,2023-05-20,43,1938.87,636.55,156925,407,170.35,42,285,0.0,0,0
689,2023-05-21,100,4805.530000000001,1040.12,290870,593,183.95,42,333,0.0,0,0
690,2023-05-22,96,4378.65,1096.82,272580,521,170.47,24,345,0.0,0,0
691,2023-05-23,79,3527.9,699.88,151888,348,176.11,16,323,0.0,0,0
692,2023-05-24,68,2994.2200000000003,719.21,152855,373,151.36,19,298,0.0,0,0
693,2023-05-25,55,2444.94,645.86,136395,359,128.97,14,288,0.0,0,0
694,2023-05-26,40,1571.22,487.54,101972,295,119.61,13,202,0.0,0,0
695,2023-05-27,18,760.17,321.82,73536,207,97.7,16,174,0.0,0,0
696,2023-05-28,26,1169.22,461.67,125428,252,93.66,16,169,0.0,0,0
697,2023-05-29,53,2259.89,421.23,113929,276,133.03,12,257,0.0,0,0
698,2023-05-30,65,3054.93,312.46,69827,212,101.02,12,218,0.0,0,0
699,2023-05-31,58,2440.5699999999997,267.16,59862,280,60.33,3,192,0.0,0,0
700,2023-06-01,45,1493.69,406.19,105348,321,83.24,3,201,0.0,0,0
701,2023-06-02,24,1095.97,332.74,84654,253,65.7,2,145,0.0,0,0
702,2023-06-03,24,931.63,256.29,63678,258,75.64,2,155,0.0,0,0
703,2023-06-04,40,2147.55,344.92,99665,319,95.11,3,190,0.0,0,0
704,2023-06-05,52,2246.46,513.06,129406,396,104.51,3,197,0.0,0,0
705,2023-06-06,45,1583.77,541.49,121803,407,102.99,4,203,0.0,0,0
706,2023-06-07,35,1328.26,431.29,98026,306,80.2,4,146,0.0,0,0
707,2023-06-08,39,1757.66,382.83,99162,328,71.31,4,170,0.0,0,0
708,2023-06-09,16,952.04,281.17,74850,203,36.76,3,113,0.0,0,0
709,2023-06-10,13,592.62,137.72,34363,155,76.05,3,152,0.0,0,0
710,2023-06-11,28,1370.62,204.8,55814,204,125.99,4,186,0.0,0,0
711,2023-06-12,43,1834.11,223.41,60891,323,157.29,4,216,0.0,0,0
712,2023-06-13,25,922.3,206.44,53439,256,160.77,3,171,0.0,0,0
713,2023-06-14,39,1652.65,200.44,49849,256,80.16,3,170,0.0,0,0
714,2023-06-15,29,1352.4,181.8,45576,170,61.4,3,128,0.0,0,0
715,2023-06-16,21,1044.6,149.13,36690,122,45.63,2,131,0.0,0,0
716,2023-06-17,22,951.6800000000001,255.5,56354,208,28.23,2,95,0.0,0,0
717,2023-06-18,41,1991.27,396.47,88939,281,60.1,3,177,0.0,0,0
718,2023-06-19,46,1843.13,368.72,82777,193,63.9,3,196,0.0,0,0
719,2023-06-20,45,2044.29,358.38,80703,201,64.08,2,165,0.0,0,0
720,2023-06-21,36,1766.79,352.03,73523,181,60.75,3,181,0.0,0,0
721,2023-06-22,44,1875.9899999999998,382.39,79496,276,87.51,3,220,0.0,0,0
722,2023-06-23,31,1478.62,319.52,66904,272,61.44,2,149,0.0,0,0
723,2023-06-24,28,1169.08,236.79,51895,204,55.38,2,140,0.0,0,0
724,2023-06-25,57,2538.02,370.56,79034,286,90.5,3,199,0.0,0,0
725,2023-06-26,68,2927.83,413.43,92796,326,81.78,3,229,0.0,0,0
726,2023-06-27,70,3193.0499999999997,644.7,139060,468,90.43,4,253,0.0,0,0
727,2023-06-28,109,4921.6900000000005,680.94,140125,457,121.45,4,303,0.0,0,0
728,2023-06-29,113,5708.9400000000005,839.97,169708,532,136.81,3,359,0.0,0,0
729,2023-06-30,65,3570.2400000000002,756.81,155754,399,89.18,4,245,0.0,0,0
730,2023-07-01,72,3370.66,547.03,128008,301,127.18,6,281,0.0,0,0
731,2023-07-02,110,5306.46,841.82,200433,633,189.69,9,402,0.0,0,0
732,2023-07-03,144,6238.05,782.66,179159,487,128.54,7,334,0.0,0,0
733,2023-07-04,137,6275.85,778.66,166308,469,208.09,10,445,0.0,0,0
734,2023-07-05,136,6382.12,834.01,178353,509,212.65,10,427,0.0,0,0
735,2023-07-06,113,5681.45,1079.7,234530,616,217.13,11,399,0.0,0,0
736,2023-07-07,92,4240.89,934.06,209825,684,155.12,8,319,0.0,0,0
737,2023-07-08,78,3380.0499999999997,671.98,149109,532,98.95,6,247,0.0,0,0
738,2023-07-09,96,4678.42,1086.27,272406,933,199.59,8,378,0.0,0,0
739,2023-07-10,143,6639.56,1021.74,250046,724,215.64,8,398,0.0,0,0
740,2023-07-11,137,6362.84,1056.29,235419,780,312.75,16,540,0.0,0,0
741,2023-07-12,157,6518.740000000001,1218.6,277551,821,316.4,14,541,0.0,0,0
742,2023-07-13,153,7214.99,1545.09,330305,1095,270.66,13,499,0.0,0,0
743,2023-07-14,131,5658.33,1269.22,280513,928,245.51,15,451,0.0,0,0
744,2023-07-15,87,3985.56,993.78,218503,695,365.28,25,503,0.0,0,0
745,2023-07-16,262,12280.369999999999,1840.67,429454,1440,534.26,46,896,0.0,0,0
746,2023-07-17,193,8019.639999999999,1871.02,425250,1298,455.59,49,805,0.0,0,0
747,2023-07-18,176,8116.360000000001,1740.32,382488,1151,460.56,52,722,0.0,0,0
748,2023-07-19,196,9270.11,1773.61,359096,1158,493.27,46,713,0.0,0,0
749,2023-07-20,145,7022.83,1779.88,394950,1010,382.75,50,658,0.0,0,0
750,2023-07-21,107,4456.6,1429.59,307636,839,291.36,38,525,0.0,0,0
751,2023-07-22,71,3011.6,1009.52,217003,714,293.69,50,479,0.0,0,0
752,2023-07-23,134,5951.52,1631.18,389565,1057,444.76,57,589,0.0,0,0
753,2023-07-24,108,5069.700000000001,1543.64,366194,827,363.53,52,612,0.0,0,0
754,2023-07-25,128,5674.12,1539.38,339255,858,526.72,69,666,0.0,0,0
755,2023-07-26,132,5666.23,1652.99,324530,893,991.36,106,798,0.0,0,0
756,2023-07-27,142,5873.6900000000005,1583.3,320526,926,498.92,81,623,0.0,0,0
757,2023-07-28,108,4480.860000000001,1269.75,249907,718,453.57,157,642,0.0,0,0
758,2023-07-29,91,4123.2300000000005,987.24,191649,601,585.69,169,669,0.0,0,0
759,2023-07-30,138,6591.99,1568.5,347534,957,700.11,180,807,0.0,0,0
760,2023-07-31,171,8323.220000000001,1618.75,360466,985,495.62,149,804,0.0,0,0
761,2023-08-01,152,6238.24,1524.99,355096,1080,394.95,144,765,0.0,0,0
762,2023-08-02,243,10739.830000000002,1620.44,353011,1186,541.3,167,935,0.0,0,0
763,2023-08-03,235,10450.4,1889.65,386122,1178,392.21,174,985,0.0,0,0
764,2023-08-04,144,5970.169999999999,1408.05,327986,796,368.14,132,785,0.0,0,0
765,2023-08-05,104,4482.53,942.38,236084,712,292.33,89,617,0.0,0,0
766,2023-08-06,117,4667.69,1518.74,407736,1163,460.99,134,797,0.0,0,0
767,2023-08-07,143,6083.900000000001,1516.6,381067,929,402.02,137,800,0.0,0,0
768,2023-08-08,140,6154.66,1448.4,342491,948,396.4,94,730,0.0,0,0
769,2023-08-09,121,4838.5199999999995,1444.19,359684,889,388.23,133,825,0.0,0,0
770,2023-08-10,146,6284.08,1235.21,311839,656,405.25,113,703,0.0,0,0
771,2023-08-11,96,3627.71,1065.72,296131,559,317.14,111,561,0.0,0,0
772,2023-08-12,78,3454.41,820.98,204968,598,352.65,115,615,0.0,0,0
773,2023-08-13,123,5072.59,1276.13,353387,964,507.43,107,763,0.0,0,0
774,2023-08-14,133,5714.4800000000005,1310.59,366380,880,483.82,74,739,0.0,0,0
775,2023-08-15,185,7386.660000000001,1372.02,361389,1017,517.35,59,717,0.0,0,0
776,2023-08-16,162,6251.29,1478.57,360048,977,556.08,55,766,0.0,0,0
777,2023-08-17,127,4977.889999999999,1458.44,362238,832,417.48,50,654,0.0,0,0
778,2023-08-18,239,11078.07,1417.66,337399,865,491.25,49,721,0.0,0,0
779,2023-08-19,154,6321.889999999999,1377.48,329600,851,425.64,60,610,0.0,0,0
780,2023-08-20,294,13616.97,2148.53,555740,1366,466.56,70,801,0.0,0,0
781,2023-08-21,356,15348.419999999998,2210.01,595105,1284,400.58,51,782,0.0,0,0
782,2023-08-22,150,6054.53,1335.84,340325,839,289.46,50,619,0.0,0,0
783,2023-08-23,130,4810.67,1315.81,337607,841,275.86,52,537,0.0,0,0
784,2023-08-24,128,4889.200000000001,1487.41,386594,839,299.7,62,554,0.0,0,0
